"","iso3c","year","count"
"1","USA","1980",10
"4","ARG","1980",5
"8","SLV","1980",5
"9","URY","1980",2
"10","HTI","1980",1
"14","ESP","1980",3
"20","TUR","1980",2
"22","GBR","1980",2
"25","IND","1980",1
"26","SVU","1980",6
"29","IRL","1980",2
"34","MKD","1980",1
"39","KHM","1980",1
"42","IRN","1980",3
"43","TGO","1980",1
"44","COL","1980",1
"45","BOL","1980",1
"46","CHL","1980",1
"54","PRY","1980",1
"55","GTM","1980",1
"60","IRN","1981",7
"61","USA","1981",44
"63","POL","1981",3
"64","CHL","1981",6
"65","SVU","1981",11
"67","GTM","1981",5
"71","PHL","1981",2
"75","SLV","1981",6
"80","IRL","1981",3
"83","ISR","1981",2
"89","KOR","1981",5
"91","BOL","1981",2
"92","MRT","1981",1
"97","UGA","1981",1
"98","ARG","1981",10
"99","URY","1981",1
"100","IND","1981",2
"111","FRA","1981",1
"116","LBY","1981",1
"120","TUR","1981",5
"124","AGO","1981",1
"133","GBR","1981",1
"140","CRI","1981",1
"154","COL","1981",1
"155","KHM","1981",1
"156","NIC","1981",2
"160","ESP","1981",3
"191","SVU","1982",2
"192","GTM","1982",13
"193","CHL","1982",6
"194","USA","1982",18
"195","RUS","1982",2
"197","ARG","1982",5
"200","PAK","1982",3
"202","GIN","1982",2
"204","CUB","1982",1
"207","SLV","1982",12
"208","IDN","1982",3
"212","COL","1982",1
"217","ZAF","1982",2
"224","PHL","1982",4
"225","VNM","1982",2
"226","HND","1982",1
"229","POL","1982",6
"231","UGA","1982",1
"232","HTI","1982",3
"233","CHN","1982",1
"236","IND","1982",2
"238","GBR","1982",1
"245","TUR","1982",9
"248","PRY","1982",1
"252","ISR","1982",2
"253","MAR","1982",1
"256","NIC","1982",2
"261","KOR","1982",1
"263","DNK","1982",1
"264","ETH","1982",2
"275","ESP","1982",1
"309","ISR","1983",2
"310","SLV","1983",16
"311","GBR","1983",1
"312","CHL","1983",4
"313","USA","1983",22
"317","ROU","1983",1
"319","ARG","1983",7
"321","NIC","1983",6
"323","SVU","1983",10
"325","GTM","1983",5
"332","SYR","1983",1
"334","FRA","1983",8
"336","IDN","1983",1
"340","POL","1983",4
"347","TUR","1983",2
"350","ESP","1983",4
"354","ARM","1983",1
"359","PHL","1983",3
"372","MRT","1983",1
"377","DEU","1983",1
"379","GRD","1983",1
"381","LKA","1983",1
"388","BOL","1983",2
"401","IRL","1983",1
"404","EGY","1983",1
"406","VNM","1983",1
"408","LBN","1983",1
"416","ZWE","1983",1
"418","CHN","1983",1
"421","IRN","1983",1
"422","HTI","1983",1
"424","AFG","1983",1
"426","ARG","1984",13
"427","CHL","1984",3
"428","KHM","1984",1
"429","BRA","1984",2
"430","SVU","1984",4
"431","TUR","1984",5
"432","MKD","1984",1
"433","ZAF","1984",1
"435","SLV","1984",33
"439","TCD","1984",1
"440","PER","1984",4
"441","USA","1984",31
"444","VNM","1984",2
"447","NIC","1984",7
"452","CHN","1984",1
"460","UGA","1984",6
"461","LBN","1984",1
"466","CUB","1984",1
"477","CMR","1984",1
"490","LBY","1984",1
"498","ISR","1984",1
"499","IDN","1984",2
"506","IRN","1984",3
"509","OMN","1984",1
"511","GAB","1984",1
"512","GIN","1984",2
"515","IRQ","1984",1
"517","PHL","1984",1
"524","POL","1984",2
"543","URY","1984",1
"546","HND","1984",1
"549","HTI","1984",1
"552","GTM","1984",2
"567","PHL","1985",4
"568","AFG","1985",4
"570","ITA","1985",1
"571","USA","1985",30
"572","ARG","1985",8
"573","TUR","1985",3
"574","NIC","1985",14
"579","SVU","1985",15
"582","GTM","1985",11
"584","IRN","1985",4
"585","CUB","1985",1
"590","LBR","1985",2
"594","SLV","1985",6
"597","ZWE","1985",1
"599","CRI","1985",2
"602","GBR","1985",3
"605","KOR","1985",1
"609","CHL","1985",6
"611","ZAF","1985",10
"615","VNM","1985",1
"619","IND","1985",1
"627","HND","1985",1
"631","IDN","1985",2
"642","UGA","1985",3
"660","CHN","1985",1
"668","FIN","1985",1
"669","THA","1985",1
"670","BEL","1985",1
"673","ISR","1985",2
"674","DEU","1985",1
"680","ARM","1985",1
"690","HTI","1985",3
"697","BRA","1985",1
"702","PER","1985",2
"705","FRA","1985",2
"722","KHM","1985",1
"723","URY","1986",4
"724","SVU","1986",7
"725","IRN","1986",4
"726","ARG","1986",6
"729","ZAF","1986",16
"730","SUR","1986",1
"731","LKA","1986",5
"732","POL","1986",2
"734","USA","1986",18
"737","CHL","1986",13
"739","RUS","1986",1
"742","AFG","1986",3
"745","LBR","1986",2
"747","CUB","1986",1
"752","NIC","1986",8
"753","UGA","1986",1
"758","ISL","1986",1
"762","COL","1986",4
"766","ISR","1986",4
"769","COD","1986",1
"770","SLV","1986",4
"775","IRQ","1986",1
"779","HRV","1986",1
"796","AUT","1986",1
"799","MEX","1986",1
"800","KOR","1986",3
"804","ZWE","1986",3
"808","PHL","1986",4
"816","GTM","1986",3
"817","IDN","1986",2
"822","VNM","1986",1
"824","ROU","1986",3
"826","HTI","1986",7
"839","LBN","1986",1
"840","FRA","1986",1
"854","MAR","1986",1
"864","ITA","1986",1
"865","DEU","1986",1
"869","LBY","1986",2
"872","PER","1987",1
"873","PRY","1987",1
"874","ISR","1987",4
"875","YEM","1987",1
"876","HUN","1987",1
"877","SLV","1987",11
"878","BRA","1987",1
"879","NIC","1987",7
"881","SVU","1987",17
"882","HTI","1987",3
"883","TUR","1987",2
"885","IRN","1987",4
"886","CUB","1987",3
"888","MKD","1987",1
"889","CHN","1987",5
"890","IND","1987",1
"891","CHL","1987",4
"895","PAN","1987",1
"896","USA","1987",19
"899","SYR","1987",1
"904","RUS","1987",4
"907","MEX","1987",2
"913","BDI","1987",2
"917","KEN","1987",7
"920","SUR","1987",1
"922","FRA","1987",18
"927","KOR","1987",5
"928","ARG","1987",8
"931","PHL","1987",2
"940","ROU","1987",3
"941","TUN","1987",1
"949","KHM","1987",3
"953","URY","1987",1
"960","DEU","1987",1
"967","GTM","1987",2
"974","HND","1987",1
"998","OMN","1987",1
"999","AFG","1987",1
"1014","SVK","1987",1
"1026","USA","1988",20
"1027","GBR","1988",9
"1029","KOR","1988",9
"1030","IND","1988",3
"1032","SVU","1988",12
"1033","PHL","1988",3
"1034","CUB","1988",8
"1035","SLV","1988",6
"1037","IRN","1988",4
"1038","LBR","1988",2
"1041","ETH","1988",1
"1042","ISR","1988",8
"1043","ARG","1988",4
"1045","GTM","1988",4
"1048","ZAF","1988",5
"1055","IDN","1988",1
"1056","BRA","1988",3
"1061","CHE","1988",1
"1064","PER","1988",1
"1067","KHM","1988",2
"1069","FRA","1988",3
"1072","CHL","1988",4
"1074","NIC","1988",1
"1078","TUR","1988",2
"1080","OMN","1988",2
"1082","MMR","1988",1
"1083","IRQ","1988",2
"1090","FJI","1988",1
"1095","CHN","1988",3
"1096","ROU","1988",2
"1099","HND","1988",2
"1101","HTI","1988",2
"1110","COD","1988",3
"1118","BDI","1988",1
"1120","PRY","1988",1
"1124","PAN","1988",3
"1130","PAK","1988",1
"1131","COL","1988",2
"1137","THA","1988",1
"1140","CAN","1988",1
"1146","ECU","1988",1
"1159","MKD","1988",1
"1174","ROU","1989",5
"1177","SLV","1989",22
"1179","CHN","1989",12
"1181","SVU","1989",8
"1182","LKA","1989",4
"1183","GBR","1989",2
"1187","BRA","1989",1
"1188","IRN","1989",4
"1189","ZAF","1989",3
"1191","SVK","1989",2
"1202","PAN","1989",2
"1205","ISR","1989",11
"1208","IDN","1989",3
"1209","CUB","1989",6
"1210","KHM","1989",4
"1212","ARG","1989",2
"1213","MMR","1989",2
"1217","POL","1989",1
"1219","HTI","1989",2
"1222","KOR","1989",2
"1223","SYR","1989",1
"1224","GTM","1989",2
"1225","SOM","1989",2
"1230","EGY","1989",3
"1231","HND","1989",1
"1234","PER","1989",1
"1236","TUR","1989",4
"1241","ETH","1989",2
"1244","CHL","1989",1
"1258","COD","1989",1
"1259","NGA","1989",1
"1263","FRA","1989",2
"1266","KEN","1989",2
"1268","IND","1989",2
"1274","BOL","1989",1
"1275","UGA","1989",1
"1283","COL","1989",1
"1296","JAM","1989",1
"1299","VEN","1989",1
"1300","AGO","1989",1
"1308","IRQ","1989",2
"1316","MEX","1989",2
"1347","URY","1989",1
"1352","ARG","1990",2
"1354","NGA","1990",1
"1355","GTM","1990",7
"1356","CHN","1990",14
"1357","IRQ","1990",6
"1358","JPN","1990",1
"1359","BOL","1990",1
"1361","KWT","1990",4
"1363","MEX","1990",4
"1366","MKD","1990",5
"1370","MMR","1990",6
"1373","KEN","1990",1
"1375","PAN","1990",2
"1377","MAR","1990",1
"1378","SLV","1990",9
"1379","COD","1990",3
"1382","FRA","1990",1
"1390","MWI","1990",1
"1392","PAK","1990",3
"1393","ROU","1990",1
"1396","CUB","1990",6
"1397","SYR","1990",1
"1399","JOR","1990",1
"1400","BRA","1990",2
"1410","LBR","1990",1
"1413","KOR","1990",2
"1414","ISR","1990",8
"1415","DEU","1990",1
"1417","CHL","1990",1
"1421","ZAF","1990",4
"1422","VNM","1990",1
"1437","COL","1990",2
"1443","USA","1990",1
"1444","SVU","1990",1
"1446","IND","1990",1
"1450","AFG","1990",1
"1454","PER","1990",2
"1465","NPL","1990",1
"1472","IRN","1990",2
"1474","ALB","1990",3
"1477","SDN","1990",1
"1489","NIC","1990",1
"1492","TUR","1990",1
"1498","SVK","1990",1
"1513","EGY","1990",2
"1522","CHN","1991",10
"1523","HUN","1991",1
"1524","PER","1991",8
"1525","HTI","1991",5
"1526","SYR","1991",2
"1527","COL","1991",3
"1528","IRQ","1991",6
"1529","USA","1991",14
"1530","MMR","1991",3
"1531","IRN","1991",1
"1533","GRC","1991",1
"1536","DJI","1991",1
"1540","KHM","1991",1
"1542","IRL","1991",1
"1545","VNM","1991",2
"1546","IND","1991",5
"1548","KWT","1991",8
"1551","BRA","1991",2
"1552","NIC","1991",1
"1554","COD","1991",1
"1555","SLV","1991",2
"1557","CHL","1991",7
"1558","FRA","1991",1
"1559","MEX","1991",1
"1560","LTU","1991",2
"1562","ARG","1991",1
"1567","ISR","1991",2
"1569","TUR","1991",2
"1572","GBR","1991",1
"1573","MRT","1991",2
"1574","ZAF","1991",3
"1577","IDN","1991",1
"1587","MKD","1991",2
"1591","KOR","1991",2
"1597","UGA","1991",1
"1598","PRY","1991",1
"1599","ROU","1991",1
"1613","LBY","1991",2
"1616","KEN","1991",2
"1622","DZA","1991",1
"1624","BOL","1991",2
"1626","CUB","1991",1
"1634","SEN","1991",1
"1637","SVU","1991",1
"1638","CAN","1991",1
"1643","IND","1992",8
"1644","USA","1992",15
"1645","MKD","1992",19
"1646","SYR","1992",2
"1647","BIH","1992",9
"1650","FRA","1992",6
"1655","CHN","1992",21
"1657","HRV","1992",2
"1660","HTI","1992",7
"1662","GBR","1992",3
"1663","IRQ","1992",9
"1664","LTU","1992",1
"1665","RUS","1992",3
"1666","SLV","1992",5
"1670","IRN","1992",4
"1674","MMR","1992",6
"1679","ZAF","1992",1
"1680","GRC","1992",1
"1683","UKR","1992",1
"1684","TUR","1992",7
"1688","BRA","1992",3
"1698","PAK","1992",1
"1699","IDN","1992",2
"1704","GTM","1992",3
"1709","TUN","1992",3
"1716","CUB","1992",1
"1718","PER","1992",2
"1726","ISR","1992",4
"1727","JPN","1992",1
"1735","ITA","1992",1
"1741","AUT","1992",1
"1742","PHL","1992",1
"1744","NGA","1992",1
"1755","SAU","1992",1
"1760","AGO","1992",2
"1766","KHM","1992",1
"1774","MEX","1992",1
"1786","ARM","1992",1
"1787","CHE","1992",1
"1791","COL","1992",3
"1800","DZA","1992",2
"1808","LBY","1992",1
"1810","SDN","1992",1
"1812","KWT","1992",3
"1813","DEU","1992",1
"1815","CAN","1992",1
"1816","CHL","1992",1
"1821","HND","1993",1
"1822","HTI","1993",16
"1823","CHE","1993",1
"1824","LBY","1993",1
"1826","SLV","1993",22
"1829","USA","1993",31
"1830","CHN","1993",21
"1831","EGY","1993",4
"1832","MMR","1993",3
"1833","SGP","1993",1
"1835","IND","1993",5
"1836","PER","1993",3
"1837","IRQ","1993",3
"1839","RUS","1993",3
"1840","MKD","1993",21
"1841","MEX","1993",1
"1844","BIH","1993",16
"1847","IDN","1993",7
"1854","FRA","1993",5
"1860","ROU","1993",1
"1862","MLI","1993",1
"1866","SOM","1993",1
"1873","ZAF","1993",3
"1877","BRA","1993",1
"1878","ISR","1993",4
"1892","KHM","1993",1
"1893","CHL","1993",1
"1898","TUR","1993",2
"1900","HRV","1993",2
"1901","SVU","1993",2
"1904","MWI","1993",1
"1909","AUT","1993",1
"1925","LKA","1993",2
"1957","NIC","1993",1
"1966","SAU","1993",1
"1974","IRL","1993",2
"1983","VNM","1993",1
"1984","SDN","1993",2
"2002","DEU","1993",2
"2006","ARM","1993",1
"2007","OMN","1993",1
"2013","GTM","1993",1
"2014","GBR","1993",1
"2025","ESP","1994",2
"2026","SDN","1994",3
"2027","RUS","1994",4
"2028","IRN","1994",3
"2029","ETH","1994",4
"2031","TUR","1994",3
"2036","USA","1994",23
"2037","BIH","1994",6
"2038","NGA","1994",1
"2039","GTM","1994",3
"2040","SLV","1994",5
"2041","ARG","1994",2
"2042","MMR","1994",5
"2043","OMN","1994",1
"2045","IDN","1994",7
"2050","FRA","1994",8
"2052","RWA","1994",30
"2053","HTI","1994",22
"2055","COL","1994",3
"2056","LBR","1994",1
"2067","PAK","1994",1
"2069","KEN","1994",1
"2071","MKD","1994",14
"2073","ZAF","1994",1
"2078","GBR","1994",1
"2084","IND","1994",6
"2096","CHN","1994",25
"2100","LKA","1994",1
"2101","ISR","1994",3
"2108","KOR","1994",1
"2109","SAU","1994",2
"2139","SGP","1994",2
"2155","UGA","1994",1
"2165","EGY","1994",2
"2175","ITA","1994",1
"2195","AFG","1994",1
"2210","MEX","1994",7
"2221","ECU","1994",1
"2225","MAR","1994",1
"2227","DZA","1994",1
"2232","PER","1994",1
"2234","HRV","1994",1
"2237","BRA","1994",1
"2239","RWA","1995",8
"2240","NGA","1995",6
"2241","HND","1995",3
"2243","BRA","1995",3
"2244","CHN","1995",31
"2245","DEU","1995",4
"2246","LVA","1995",1
"2248","USA","1995",31
"2249","HTI","1995",5
"2250","CHL","1995",5
"2252","BIH","1995",18
"2258","MKD","1995",11
"2260","ARG","1995",6
"2265","CUB","1995",3
"2266","IDN","1995",3
"2274","TUR","1995",4
"2276","EGY","1995",1
"2278","PHL","1995",2
"2286","GTM","1995",11
"2295","GBR","1995",1
"2297","KHM","1995",1
"2299","PAK","1995",1
"2302","ZAF","1995",4
"2310","IRN","1995",3
"2325","VNM","1995",2
"2327","ISR","1995",13
"2329","IND","1995",4
"2331","IRQ","1995",3
"2334","HRV","1995",2
"2337","ZWE","1995",1
"2342","ESP","1995",2
"2345","KOR","1995",2
"2352","NIC","1995",1
"2353","SGP","1995",1
"2354","FRA","1995",2
"2355","BOL","1995",1
"2361","VEN","1995",1
"2371","PER","1995",1
"2375","KEN","1995",1
"2377","CRI","1995",1
"2379","LKA","1995",2
"2392","JPN","1995",1
"2424","RUS","1995",3
"2435","AUT","1995",1
"2440","MEX","1995",1
"2443","COL","1995",1
"2450","DZA","1995",1
"2452","ITA","1995",1
"2455","SOM","1995",1
"2458","KOR","1996",3
"2460","USA","1996",26
"2461","GTM","1996",11
"2462","MKD","1996",12
"2466","MMR","1996",3
"2467","GBR","1996",3
"2468","RWA","1996",12
"2470","DZA","1996",2
"2471","CUB","1996",1
"2473","ZAF","1996",4
"2474","TUR","1996",2
"2475","CHN","1996",27
"2476","COL","1996",5
"2477","PER","1996",4
"2478","PAN","1996",2
"2479","ISR","1996",13
"2488","BIH","1996",24
"2489","RUS","1996",3
"2497","SGP","1996",1
"2498","CHL","1996",2
"2500","NIC","1996",1
"2508","IDN","1996",5
"2516","AFG","1996",1
"2520","NGA","1996",5
"2522","IRN","1996",1
"2523","KHM","1996",2
"2524","ARG","1996",3
"2532","MEX","1996",3
"2537","FRA","1996",3
"2538","BRA","1996",2
"2548","HTI","1996",3
"2553","HRV","1996",5
"2555","JPN","1996",1
"2565","DEU","1996",2
"2580","ARM","1996",1
"2589","LBR","1996",1
"2596","ERI","1996",1
"2603","ETH","1996",2
"2607","NLD","1996",1
"2617","IRQ","1996",1
"2628","HND","1996",4
"2668","RWA","1997",11
"2669","KEN","1997",2
"2670","CHN","1997",26
"2671","DZA","1997",4
"2672","FRA","1997",7
"2675","USA","1997",44
"2679","MEX","1997",8
"2680","UGA","1997",1
"2681","IRQ","1997",3
"2684","BLR","1997",1
"2685","RUS","1997",1
"2688","COD","1997",10
"2692","TUR","1997",9
"2694","ZAF","1997",3
"2695","AFG","1997",3
"2698","BIH","1997",7
"2702","MKD","1997",7
"2704","JOR","1997",1
"2708","SDN","1997",3
"2713","COL","1997",4
"2719","ALB","1997",2
"2720","IRL","1997",1
"2722","HRV","1997",1
"2725","KOR","1997",1
"2730","ISR","1997",4
"2732","IRN","1997",2
"2743","GTM","1997",4
"2748","PER","1997",9
"2756","ARG","1997",1
"2757","BRA","1997",1
"2762","KHM","1997",8
"2778","IDN","1997",4
"2786","ESP","1997",2
"2798","SAU","1997",1
"2802","AUS","1997",1
"2806","MMR","1997",6
"2807","NGA","1997",6
"2832","DEU","1997",1
"2834","DNK","1997",1
"2839","JPN","1997",1
"2877","GHA","1997",1
"2886","IRQ","1998",3
"2887","KHM","1998",10
"2888","CHN","1998",25
"2889","JOR","1998",1
"2891","GTM","1998",5
"2892","CHL","1998",23
"2894","SDN","1998",1
"2895","IRN","1998",3
"2896","TUR","1998",3
"2897","ESP","1998",5
"2898","USA","1998",53
"2900","BIH","1998",6
"2902","MKD","1998",20
"2916","FRA","1998",4
"2918","GBR","1998",6
"2919","RUS","1998",5
"2924","MMR","1998",1
"2928","AFG","1998",2
"2934","ZAF","1998",5
"2945","HND","1998",2
"2955","COL","1998",8
"2960","ARM","1998",1
"2967","RWA","1998",14
"2988","IDN","1998",6
"2990","NGA","1998",2
"2992","ISR","1998",6
"2995","MYS","1998",1
"3000","CHE","1998",1
"3005","AGO","1998",1
"3007","JPN","1998",2
"3008","SLE","1998",1
"3010","COD","1998",3
"3016","DZA","1998",7
"3018","PER","1998",2
"3031","ARG","1998",4
"3034","SLB","1998",1
"3045","MEX","1998",2
"3058","CUB","1998",1
"3086","DEU","1998",2
"3121","HRV","1998",1
"3122","LBR","1998",1
"3148","USA","1999",29
"3149","BIH","1999",8
"3150","IDN","1999",10
"3152","BTN","1999",1
"3153","RUS","1999",6
"3154","MKD","1999",82
"3155","ISR","1999",6
"3157","RWA","1999",9
"3161","TUR","1999",6
"3167","GBR","1999",9
"3168","CHN","1999",19
"3169","BRA","1999",2
"3178","SDN","1999",1
"3179","HTI","1999",4
"3197","COL","1999",4
"3207","GTM","1999",9
"3208","HND","1999",1
"3209","CHL","1999",11
"3216","FIN","1999",1
"3217","IRQ","1999",4
"3220","HUN","1999",1
"3230","SLE","1999",3
"3236","ITA","1999",1
"3241","HRV","1999",3
"3245","PER","1999",3
"3246","KHM","1999",8
"3248","AFG","1999",1
"3251","LBN","1999",1
"3252","FRA","1999",5
"3256","ZAF","1999",2
"3268","MAR","1999",2
"3277","CUB","1999",2
"3292","LSO","1999",1
"3306","IRN","1999",1
"3316","ARM","1999",1
"3356","ALB","1999",1
"3373","IND","1999",1
"3376","BOL","1999",1
"3393","MEX","1999",1
"3399","DEU","1999",1
"3408","KEN","1999",1
"3422","USA","2000",72
"3423","DEU","2000",2
"3424","ISR","2000",4
"3425","COL","2000",24
"3428","PHL","2000",3
"3431","IRL","2000",4
"3432","MMR","2000",6
"3434","NGA","2000",5
"3435","RWA","2000",6
"3437","CHL","2000",22
"3440","MAR","2000",2
"3442","MEX","2000",7
"3443","MKD","2000",20
"3447","SUR","2000",2
"3448","GRC","2000",2
"3449","IDN","2000",9
"3451","CHN","2000",13
"3454","IND","2000",4
"3455","BIH","2000",9
"3456","PER","2000",11
"3457","GTM","2000",5
"3459","ARM","2000",2
"3460","SVU","2000",2
"3466","SLV","2000",2
"3470","SAU","2000",3
"3472","SDN","2000",3
"3478","THA","2000",2
"3479","SLE","2000",5
"3480","PRY","2000",2
"3485","CUB","2000",4
"3487","RUS","2000",21
"3488","AUT","2000",2
"3489","ARG","2000",5
"3490","AUS","2000",4
"3511","TUR","2000",9
"3517","BLR","2000",2
"3519","LKA","2000",2
"3634","KHM","2000",4
"3637","LBN","2000",1
"3642","IRN","2000",2
"3646","BRA","2000",1
"3679","CHE","2000",1
"3683","CMR","2000",1
"3695","ESP","2000",1
"3697","BGD","2000",1
"3707","HRV","2000",1
"3708","GBR","2000",4
"3714","ZAF","2000",1
"3725","LTU","2000",1
"3737","SEN","2000",1
"3760","FRA","2000",1
"3761","CHN","2001",26
"3762","USA","2001",134
"3763","JPN","2001",3
"3764","IDN","2001",8
"3766","CUB","2001",3
"3767","AFG","2001",12
"3768","RUS","2001",10
"3769","MKD","2001",47
"3770","ARG","2001",3
"3774","IRQ","2001",1
"3776","COL","2001",11
"3778","TUR","2001",4
"3782","UZB","2001",4
"3787","IRN","2001",3
"3792","MEX","2001",10
"3805","ISR","2001",12
"3808","ZWE","2001",1
"3810","GTM","2001",6
"3813","HRV","2001",3
"3818","SDN","2001",4
"3820","BIH","2001",7
"3822","DEU","2001",2
"3838","NLD","2001",6
"3842","BRA","2001",1
"3850","LKA","2001",1
"3854","GBR","2001",4
"3856","SVU","2001",1
"3867","PAK","2001",1
"3870","CHE","2001",3
"3872","HTI","2001",1
"3876","ITA","2001",1
"3884","RWA","2001",10
"3886","NGA","2001",1
"3888","HND","2001",1
"3889","PER","2001",6
"3909","MAC","2001",3
"3916","FRA","2001",2
"3917","IND","2001",1
"3919","CAN","2001",1
"3957","EGY","2001",1
"3959","KHM","2001",2
"3961","POL","2001",1
"3962","CHL","2001",8
"3979","SLV","2001",1
"3985","BEL","2001",1
"3989","TZA","2001",1
"3993","CIV","2001",1
"4036","SAU","2001",2
"4045","MMR","2001",1
"4068","SLE","2001",1
"4121","ESP","2001",4
"4138","AGO","2001",2
"4151","VNM","2002",2
"4152","IDN","2002",18
"4153","MKD","2002",31
"4154","KHM","2002",10
"4155","MMR","2002",3
"4156","BIH","2002",2
"4157","PER","2002",7
"4159","USA","2002",101
"4164","GBR","2002",3
"4169","COL","2002",12
"4170","TUR","2002",2
"4171","SAU","2002",1
"4172","IRQ","2002",9
"4173","COD","2002",1
"4174","UZB","2002",3
"4176","HRV","2002",2
"4181","KOR","2002",2
"4182","RUS","2002",7
"4185","BLR","2002",2
"4186","RWA","2002",12
"4191","GTM","2002",7
"4192","AFG","2002",7
"4193","ISR","2002",13
"4194","LKA","2002",3
"4195","GIN","2002",1
"4196","KWT","2002",1
"4202","ESP","2002",3
"4203","CHN","2002",7
"4205","SVU","2002",2
"4219","OMN","2002",1
"4220","MEX","2002",8
"4222","YEM","2002",1
"4228","ZWE","2002",3
"4237","BRA","2002",2
"4249","NLD","2002",5
"4250","ARG","2002",5
"4259","IND","2002",3
"4277","FRA","2002",5
"4303","DEU","2002",2
"4306","SLV","2002",3
"4307","BEL","2002",1
"4324","ZAF","2002",1
"4332","PAK","2002",1
"4333","CHE","2002",1
"4334","NGA","2002",2
"4335","CHL","2002",1
"4343","CUB","2002",6
"4348","MYS","2002",1
"4352","BOL","2002",1
"4368","NPL","2002",1
"4380","JPN","2002",1
"4394","ITA","2002",1
"4413","IRN","2002",1
"4434","TCD","2002",1
"4455","LBR","2002",1
"4480","PHL","2002",1
"4483","SLE","2002",2
"4485","SYR","2002",2
"4497","YUG","2003",47
"4498","GTM","2003",7
"4499","USA","2003",84
"4500","ZWE","2003",11
"4501","CHL","2003",5
"4503","BDI","2003",2
"4504","LBR","2003",11
"4509","IRQ","2003",58
"4515","CHE","2003",1
"4521","CHN","2003",9
"4531","ESP","2003",6
"4537","IRN","2003",4
"4538","NLD","2003",7
"4540","NGA","2003",3
"4544","RWA","2003",13
"4550","MAR","2003",1
"4552","SLV","2003",1
"4556","AFG","2003",8
"4557","MEX","2003",10
"4567","BIH","2003",10
"4575","IND","2003",3
"4586","ARG","2003",12
"4591","SVN","2003",1
"4592","KOR","2003",2
"4603","HTI","2003",1
"4604","RUS","2003",13
"4605","FRA","2003",5
"4609","GBR","2003",5
"4613","BEL","2003",5
"4616","COL","2003",5
"4625","PER","2003",9
"4626","IDN","2003",11
"4629","EGY","2003",3
"4639","ZAF","2003",2
"4647","BRA","2003",2
"4658","UGA","2003",2
"4660","SAU","2003",1
"4664","LBY","2003",4
"4667","MKD","2003",1
"4685","SLE","2003",3
"4694","ISR","2003",5
"4699","COD","2003",4
"4702","LAO","2003",1
"4737","SOM","2003",1
"4746","KHM","2003",5
"4767","MMR","2003",1
"4773","JOR","2003",2
"4792","CUB","2003",12
"4799","HRV","2003",1
"4814","THA","2003",2
"4826","PHL","2003",2
"4864","TUR","2003",1
"4892","LBN","2003",1
"4926","JPN","2003",1
"4930","USA","2004",158
"4931","ISR","2004",4
"4932","IRN","2004",6
"4933","MAR","2004",1
"4934","COD","2004",7
"4935","MKD","2004",5
"4936","AFG","2004",16
"4937","IRQ","2004",101
"4939","SDN","2004",87
"4940","CHL","2004",13
"4943","YUG","2004",56
"4945","RWA","2004",17
"4955","MMR","2004",2
"4957","VEN","2004",2
"4965","UKR","2004",2
"4968","BRA","2004",2
"4972","IND","2004",2
"4975","COL","2004",7
"4976","CHN","2004",6
"4977","BIH","2004",6
"4981","BHR","2004",1
"4988","PER","2004",2
"4994","DEU","2004",3
"4997","IDN","2004",9
"5013","CUB","2004",4
"5018","RUS","2004",7
"5034","TUR","2004",5
"5035","NPL","2004",2
"5038","KHM","2004",4
"5046","GBR","2004",9
"5067","KAZ","2004",1
"5069","JPN","2004",3
"5081","SAU","2004",1
"5115","MEX","2004",7
"5120","ARG","2004",5
"5123","YEM","2004",1
"5126","AUS","2004",1
"5135","UZB","2004",7
"5142","BDI","2004",1
"5150","NAM","2004",1
"5156","GRC","2004",1
"5161","NLD","2004",6
"5185","PAK","2004",1
"5209","GTM","2004",3
"5210","ZWE","2004",3
"5256","TUN","2004",1
"5265","POL","2004",1
"5282","ESP","2004",2
"5284","SLE","2004",3
"5320","LBR","2004",2
"5349","FRA","2004",1
"5350","NGA","2004",1
"5380","AGO","2004",1
"5399","VNM","2004",3
"5415","LBY","2004",1
"5426","OMN","2004",1
"5429","ITA","2004",1
"5451","SYR","2004",1
"5467","PRY","2004",1
"5471","HTI","2004",2
"5525","UGA","2004",1
"5531","ARM","2004",1
"5532","AZE","2004",1
"5536","SWE","2004",1
"5540","GHA","2004",1
"5554","USA","2005",143
"5555","YUG","2005",41
"5557","TUR","2005",9
"5558","IDN","2005",6
"5559","CHL","2005",13
"5563","BRA","2005",2
"5565","IRQ","2005",48
"5568","UGA","2005",5
"5569","UZB","2005",15
"5573","FRA","2005",3
"5576","JAM","2005",1
"5577","NLD","2005",6
"5578","SDN","2005",44
"5581","HRV","2005",3
"5582","CHN","2005",8
"5583","ROU","2005",1
"5594","TCD","2005",2
"5599","SEN","2005",1
"5603","GTM","2005",4
"5607","SLV","2005",2
"5617","PER","2005",2
"5619","AFG","2005",8
"5627","JPN","2005",8
"5631","KOR","2005",11
"5633","ARM","2005",1
"5634","RUS","2005",3
"5642","DZA","2005",2
"5648","ISR","2005",1
"5650","BIH","2005",11
"5652","MEX","2005",9
"5654","SVU","2005",2
"5665","ITA","2005",2
"5670","SYR","2005",1
"5674","RWA","2005",7
"5677","IND","2005",1
"5682","URY","2005",2
"5689","GBR","2005",8
"5691","NGA","2005",1
"5692","JOR","2005",2
"5700","IRN","2005",4
"5703","IRL","2005",2
"5709","COL","2005",3
"5714","EGY","2005",2
"5722","MMR","2005",1
"5724","AUS","2005",1
"5732","LBN","2005",1
"5739","ESP","2005",2
"5745","COD","2005",3
"5762","ZWE","2005",1
"5792","ARG","2005",1
"5801","LBR","2005",3
"5840","PAK","2005",1
"5858","MKD","2005",3
"5883","SAU","2005",1
"5904","NIC","2005",1
"5906","NPL","2005",2
"5908","SWE","2005",1
"5911","ARE","2005",1
"5915","YEM","2005",1
"5927","OMN","2005",1
"5954","BOL","2005",1
"5984","POL","2005",1
"6039","IRQ","2006",85
"6045","GBR","2006",10
"6047","USA","2006",111
"6050","SDN","2006",59
"6052","CHL","2006",12
"6054","SRB","2006",44
"6055","RUS","2006",8
"6064","AUT","2006",2
"6066","JPN","2006",7
"6069","NPL","2006",2
"6071","RWA","2006",9
"6073","CHN","2006",11
"6076","ETH","2006",2
"6078","GTM","2006",2
"6079","SAU","2006",1
"6086","ISR","2006",8
"6087","LBR","2006",16
"6098","MEX","2006",5
"6099","BEL","2006",2
"6100","SVU","2006",1
"6102","SVN","2006",1
"6104","LKA","2006",5
"6107","COD","2006",9
"6111","IND","2006",2
"6117","TUR","2006",11
"6118","BIH","2006",9
"6120","TCD","2006",3
"6121","EGY","2006",2
"6122","DEU","2006",1
"6124","VNM","2006",1
"6125","UGA","2006",5
"6129","LBN","2006",2
"6148","KOR","2006",3
"6153","NLD","2006",4
"6161","FRA","2006",6
"6168","MMR","2006",1
"6170","IDN","2006",1
"6171","ARG","2006",6
"6179","HUN","2006",1
"6181","PAK","2006",1
"6205","KHM","2006",10
"6216","URY","2006",1
"6229","MKD","2006",3
"6230","PHL","2006",1
"6243","IRN","2006",4
"6245","AFG","2006",6
"6248","GEO","2006",1
"6259","ZWE","2006",1
"6260","ROU","2006",1
"6269","CHE","2006",2
"6286","HTI","2006",2
"6293","SEN","2006",1
"6300","DZA","2006",2
"6320","POL","2006",1
"6340","ARM","2006",2
"6355","COL","2006",1
"6360","BLR","2006",2
"6366","VEN","2006",1
"6386","CUB","2006",1
"6420","SLE","2006",2
"6429","NGA","2006",3
"6482","OMN","2006",1
"6532","UZB","2006",2
"6546","LBY","2006",1
"6565","PER","2006",2
"6569","THA","2006",1
"6575","CHN","2007",7
"6576","PER","2007",8
"6577","UZB","2007",2
"6578","EGY","2007",8
"6579","LBY","2007",1
"6580","USA","2007",45
"6581","BRA","2007",2
"6588","SDN","2007",28
"6589","BEL","2007",1
"6590","KHM","2007",10
"6591","COL","2007",6
"6592","PHL","2007",2
"6598","SRB","2007",13
"6600","MMR","2007",4
"6601","RUS","2007",3
"6602","CAN","2007",3
"6605","JPN","2007",8
"6606","TUR","2007",12
"6613","ARG","2007",2
"6614","ESP","2007",3
"6617","GRC","2007",1
"6618","GTM","2007",2
"6619","DMA","2007",1
"6621","IRN","2007",7
"6628","IRQ","2007",28
"6629","ETH","2007",4
"6630","ISR","2007",5
"6633","EST","2007",1
"6634","KAZ","2007",1
"6638","SOM","2007",2
"6639","MLI","2007",3
"6643","AFG","2007",7
"6651","SLE","2007",2
"6653","LBR","2007",5
"6658","NLD","2007",5
"6663","MYS","2007",1
"6665","VNM","2007",1
"6672","LKA","2007",5
"6682","RWA","2007",3
"6684","SEN","2007",1
"6702","NOR","2007",1
"6713","BIH","2007",5
"6716","ARM","2007",3
"6722","IND","2007",2
"6723","BGD","2007",1
"6730","DZA","2007",1
"6739","KOR","2007",1
"6740","MKD","2007",2
"6747","SLV","2007",1
"6752","ZWE","2007",1
"6756","GBR","2007",2
"6793","GMB","2007",1
"6799","FRA","2007",2
"6811","SAU","2007",1
"6814","VEN","2007",1
"6817","COD","2007",1
"6838","PAK","2007",1
"6861","IRN","2008",8
"6862","SDN","2008",18
"6864","USA","2008",50
"6866","RWA","2008",3
"6867","ISR","2008",4
"6869","AFG","2008",4
"6870","COD","2008",5
"6874","SWE","2008",1
"6875","GBR","2008",2
"6876","CHN","2008",17
"6880","COL","2008",6
"6881","ESP","2008",5
"6882","GEO","2008",3
"6888","SLV","2008",1
"6889","SAU","2008",1
"6891","GIN","2008",1
"6893","ZWE","2008",9
"6894","LBR","2008",2
"6899","NLD","2008",5
"6900","RUS","2008",5
"6902","KOR","2008",2
"6904","ETH","2008",3
"6907","VEN","2008",3
"6910","SRB","2008",10
"6918","IND","2008",1
"6940","ARG","2008",3
"6946","HRV","2008",2
"6959","MEX","2008",5
"6960","MNE","2008",1
"6963","CAN","2008",3
"6964","SYR","2008",1
"6967","FRA","2008",2
"6973","TUR","2008",2
"6994","UZB","2008",1
"7005","KHM","2008",1
"7008","SOM","2008",1
"7009","IRQ","2008",3
"7012","THA","2008",1
"7015","JAM","2008",2
"7033","IDN","2008",1
"7037","UGA","2008",1
"7040","KEN","2008",3
"7047","PAK","2008",2
"7060","LBN","2008",1
"7068","LKA","2008",1
"7069","LBY","2008",1
"7070","THA","2009",4
"7071","AFG","2009",3
"7072","CHN","2009",14
"7073","USA","2009",60
"7074","GIN","2009",1
"7075","LBR","2009",5
"7076","UGA","2009",1
"7079","COD","2009",4
"7080","PHL","2009",2
"7081","ARG","2009",1
"7082","BRA","2009",1
"7083","MEX","2009",4
"7085","LKA","2009",10
"7087","GTM","2009",2
"7089","PAK","2009",3
"7094","KHM","2009",12
"7100","IRN","2009",14
"7103","DEU","2009",2
"7104","RWA","2009",4
"7106","GBR","2009",1
"7107","IRQ","2009",2
"7109","NLD","2009",4
"7110","KEN","2009",1
"7111","ITA","2009",1
"7114","SRB","2009",9
"7116","RUS","2009",19
"7119","BIH","2009",2
"7121","UZB","2009",1
"7126","SDN","2009",17
"7131","ISR","2009",18
"7135","ZWE","2009",7
"7143","HND","2009",3
"7157","COL","2009",1
"7163","MAR","2009",1
"7171","MMR","2009",5
"7181","SAU","2009",2
"7188","IDN","2009",1
"7205","ESP","2009",4
"7213","KOR","2009",1
"7219","IND","2009",1
"7230","GMB","2009",1
"7240","ARE","2009",1
"7251","BHR","2009",1
"7253","PER","2009",3
"7274","AUT","2009",1
"7277","LBY","2009",1
"7287","SYR","2009",1
"7289","TCD","2009",1
"7326","ZAF","2009",1
"7330","OMN","2009",1
"7332","PAK","2010",2
"7333","SDN","2010",8
"7334","USA","2010",32
"7335","BRA","2010",3
"7337","KEN","2010",2
"7339","MYS","2010",3
"7341","ISR","2010",6
"7342","IDN","2010",4
"7343","MEX","2010",6
"7345","COD","2010",3
"7346","CHN","2010",10
"7347","GBR","2010",2
"7348","PHL","2010",3
"7349","IND","2010",1
"7351","ARG","2010",2
"7352","CHE","2010",1
"7353","RWA","2010",8
"7356","PNG","2010",1
"7358","MLI","2010",1
"7363","RUS","2010",11
"7368","THA","2010",2
"7371","NLD","2010",5
"7372","ETH","2010",3
"7376","IRN","2010",8
"7384","KHM","2010",5
"7385","FRA","2010",2
"7386","OMN","2010",2
"7396","AFG","2010",2
"7398","TUR","2010",2
"7402","HND","2010",2
"7405","CHL","2010",1
"7411","ZWE","2010",3
"7413","UZB","2010",2
"7415","CUB","2010",2
"7417","KOR","2010",2
"7420","LKA","2010",2
"7437","UGA","2010",2
"7445","EGY","2010",1
"7451","ZMB","2010",1
"7452","IRQ","2010",4
"7458","GTM","2010",1
"7461","ESP","2010",2
"7462","SRB","2010",3
"7466","JPN","2010",1
"7473","DNK","2010",1
"7492","ZAF","2010",1
"7495","GIN","2010",1
"7500","LBR","2010",1
"7505","ITA","2010",1
